{
  "timestamp": "2025-08-28T23:51:05.423516",
  "cycle_count": 65,
  "aggressive_stats": {
    "total_trades": 65,
    "forced_trades": 0,
    "natural_trades": 65,
    "total_fees": 47.70122744531103,
    "total_profit_loss": 4.887533230732928,
    "current_balance": 957.1863057854221,
    "initial_capital": 1000.0,
    "roi": -4.281369421457794,
    "win_rate": 58.46153846153847,
    "avg_confidence": 0.6030769230769238,
    "net_profit": -42.8136942145781,
    "cycles_since_trade": 0
  },
  "final_report": false,
  "version": "aggressive_v1"
}