{
  "timestamp": "2025-08-26T21:19:38.069268",
  "cycle_count": 45,
  "aggressive_stats": {
    "total_trades": 45,
    "forced_trades": 0,
    "natural_trades": 45,
    "total_fees": 33.24573566742097,
    "total_profit_loss": 2.819493282054025,
    "current_balance": 969.5737576146332,
    "initial_capital": 1000.0,
    "roi": -3.0426242385366775,
    "win_rate": 55.55555555555556,
    "avg_confidence": 0.6022222222222228,
    "net_profit": -30.426242385366947,
    "cycles_since_trade": 0
  },
  "final_report": false,
  "version": "aggressive_v1"
}