{
  "timestamp": "2025-09-04T06:14:25.383250",
  "cycle_count": 295,
  "aggressive_stats": {
    "total_trades": 295,
    "forced_trades": 0,
    "natural_trades": 295,
    "total_fees": 200.50877377822698,
    "total_profit_loss": 22.42069919893747,
    "current_balance": 821.9119254207125,
    "initial_capital": 1000.0,
    "roi": -17.808807457928754,
    "win_rate": 62.71186440677966,
    "avg_confidence": 0.608135593220336,
    "net_profit": -178.08807457928953,
    "cycles_since_trade": 0
  },
  "final_report": false,
  "version": "aggressive_v1"
}