{
  "timestamp": "2025-08-26T21:09:37.702439",
  "cycle_count": 40,
  "aggressive_stats": {
    "total_trades": 40,
    "forced_trades": 0,
    "natural_trades": 40,
    "total_fees": 29.602607688968867,
    "total_profit_loss": 2.7031287632415175,
    "current_balance": 973.1005210742728,
    "initial_capital": 1000.0,
    "roi": -2.689947892572718,
    "win_rate": 57.49999999999999,
    "avg_confidence": 0.6025000000000004,
    "net_profit": -26.89947892572735,
    "cycles_since_trade": 0
  },
  "final_report": false,
  "version": "aggressive_v1"
}