{
  "timestamp": "2025-09-01T23:23:44.365180",
  "cycle_count": 270,
  "aggressive_stats": {
    "total_trades": 270,
    "forced_trades": 0,
    "natural_trades": 270,
    "total_fees": 184.99573260068965,
    "total_profit_loss": 18.172609997618743,
    "current_balance": 833.1768773969304,
    "initial_capital": 1000.0,
    "roi": -16.682312260306958,
    "win_rate": 61.48148148148148,
    "avg_confidence": 0.607777777777775,
    "net_profit": -166.8231226030709,
    "cycles_since_trade": 0
  },
  "final_report": false,
  "version": "aggressive_v1"
}