{
  "timestamp": "2025-08-30T22:53:44.630226",
  "cycle_count": 115,
  "aggressive_stats": {
    "total_trades": 115,
    "forced_trades": 0,
    "natural_trades": 115,
    "total_fees": 83.00297185487354,
    "total_profit_loss": 7.209063735891148,
    "current_balance": 924.2060918810188,
    "initial_capital": 1000.0,
    "roi": -7.579390811898122,
    "win_rate": 59.130434782608695,
    "avg_confidence": 0.6060869565217398,
    "net_profit": -75.79390811898239,
    "cycles_since_trade": 0
  },
  "final_report": false,
  "version": "aggressive_v1"
}