{
  "timestamp": "2025-09-01T12:53:39.327286",
  "cycle_count": 245,
  "aggressive_stats": {
    "total_trades": 245,
    "forced_trades": 0,
    "natural_trades": 245,
    "total_fees": 169.24915941328155,
    "total_profit_loss": 15.035387221092273,
    "current_balance": 845.7862278078123,
    "initial_capital": 1000.0,
    "roi": -15.421377219218765,
    "win_rate": 61.224489795918366,
    "avg_confidence": 0.6073469387755078,
    "net_profit": -154.21377219218928,
    "cycles_since_trade": 0
  },
  "final_report": false,
  "version": "aggressive_v1"
}