{
  "timestamp": "2025-08-24T01:22:58.601878",
  "cycle_count": 10,
  "aggressive_stats": {
    "total_trades": 10,
    "forced_trades": 0,
    "natural_trades": 10,
    "total_fees": 7.47943453368613,
    "total_profit_loss": 0.46280828980474387,
    "current_balance": 992.9833737561186,
    "initial_capital": 1000.0,
    "roi": -0.7016626243881433,
    "win_rate": 50.0,
    "avg_confidence": 0.6100000000000001,
    "net_profit": -7.016626243881387,
    "cycles_since_trade": 0
  },
  "final_report": false,
  "version": "aggressive_v1"
}