{
  "timestamp": "2025-09-01T02:52:37.290580",
  "cycle_count": 220,
  "aggressive_stats": {
    "total_trades": 220,
    "forced_trades": 0,
    "natural_trades": 220,
    "total_fees": 153.24101580699391,
    "total_profit_loss": 13.592997765096921,
    "current_balance": 860.3519819581046,
    "initial_capital": 1000.0,
    "roi": -13.96480180418954,
    "win_rate": 61.81818181818181,
    "avg_confidence": 0.6072727272727253,
    "net_profit": -139.648018041897,
    "cycles_since_trade": 0
  },
  "final_report": false,
  "version": "aggressive_v1"
}