{
  "timestamp": "2025-08-25T01:55:51.264956",
  "cycle_count": 20,
  "aggressive_stats": {
    "total_trades": 20,
    "forced_trades": 0,
    "natural_trades": 20,
    "total_fees": 14.901982983399805,
    "total_profit_loss": 0.7747173173943905,
    "current_balance": 985.8727343339946,
    "initial_capital": 1000.0,
    "roi": -1.4127265666005429,
    "win_rate": 50.0,
    "avg_confidence": 0.6049999999999999,
    "net_profit": -14.127265666005414,
    "cycles_since_trade": 0
  },
  "final_report": false,
  "version": "aggressive_v1"
}