{
  "timestamp": "2025-08-31T00:44:22.654680",
  "cycle_count": 125,
  "aggressive_stats": {
    "total_trades": 125,
    "forced_trades": 0,
    "natural_trades": 125,
    "total_fees": 89.90875284719999,
    "total_profit_loss": 6.187080514477574,
    "current_balance": 916.2783276672786,
    "initial_capital": 1000.0,
    "roi": -8.372167233272137,
    "win_rate": 56.8,
    "avg_confidence": 0.6056000000000001,
    "net_profit": -83.72167233272242,
    "cycles_since_trade": 0
  },
  "final_report": false,
  "version": "aggressive_v1"
}