{
  "timestamp": "2025-08-25T02:05:51.174773",
  "cycle_count": 25,
  "aggressive_stats": {
    "total_trades": 25,
    "forced_trades": 0,
    "natural_trades": 25,
    "total_fees": 18.595535716777746,
    "total_profit_loss": 1.8959540616925694,
    "current_balance": 983.3004183449148,
    "initial_capital": 1000.0,
    "roi": -1.669958165508524,
    "win_rate": 56.00000000000001,
    "avg_confidence": 0.6039999999999999,
    "net_profit": -16.699581655085176,
    "cycles_since_trade": 0
  },
  "final_report": false,
  "version": "aggressive_v1"
}