{
  "timestamp": "2025-08-21T06:21:42.079283",
  "cycle_count": 10,
  "stats": {
    "total_trades": 10,
    "total_fees": 4.992730486509381,
    "total_profit": 1.6092720080336076,
    "roi": -0.33834584784756316,
    "balance": 996.6165415215244,
    "capital": 1000.0
  },
  "final_report": false
}