{
  "timestamp": "2025-09-04T06:14:31.582902",
  "cycle_count": 130,
  "real_trading_stats": {
    "total_trades": 9,
    "winning_trades": 5,
    "total_fees": 5.611307582357932,
    "total_profit_loss": -2.684390445707627,
    "current_balance": 991.7043019719345,
    "initial_capital": 1000.0,
    "roi": -0.8295698028065543,
    "win_rate": 55.55555555555556,
    "avg_confidence": 0.5,
    "net_profit": -8.295698028065559,
    "data_source": "binance_testnet"
  },
  "final_report": false,
  "version": "real_data_v1"
}